{
  "tasks": [
    {
      "title": "Test 1",
      "description": "sgddsgdgdg",
      "priority": "urgent",
      "status": "in-progress",
      "dueDate": "2025-11-17",
      "assignedTo": "me",
      "remindManager": true,
      "createdDate": "2025-11-17",
      "notes": "",
      "id": 1763363018724,
      "completedDate": "2025-11-17"
    },
    {
      "title": "TEST 2",
      "description": "DFDHDHHD FHGFDH",
      "priority": "high",
      "status": "pending",
      "dueDate": "2025-11-16",
      "assignedTo": "Partha",
      "remindManager": false,
      "createdDate": "2025-11-17",
      "notes": "zxcxbc",
      "id": 1763363166687,
      "completedDate": "2025-11-17"
    }
  ]
}